,name,pred,std,real
0,hMOF-2.cif,1.0580707,0.30940947,0.854371
1,hMOF-0.cif,0.20827854,0.009849111,0.225851
2,hMOF-1.cif,1.7039756,0.24266216,1.80649
